standard_id,title,description,category,department,year,status,supersedes,certification_scheme,qco_applicable,qco_reference
IS 12615:2018,Line Operated Three Phase AC Motors (IE Code) 'Efficiency Classes and Performance Specification',"Specifies energy efficiency classes (IE2, IE3, IE4) and performance requirements for line operated three-phase cage induction motors from 0.12 kW to 1000 kW for industrial, pumping, sewage, and commercial applications.",Electrical,ETD 15 (Rotating Machinery),2018,Active,IS 325,Scheme-I / ISI Mark,True,"Electric Motors (Quality Control) Order, 2024 - DPIIT"
IS 325:1996,Three-phase induction motors - Specification (SUPERSEDED),Former standard for three-phase induction motors. Fully superseded and replaced by IS 12615. Specifying this in new public tenders is prohibited and considered a non-compliance risk.,Electrical,ETD 15 (Rotating Machinery),1996,Superseded,,Scheme-I / ISI Mark,False,Superseded by IS 12615:2018 under Electric Motors QCO
IS 12802:2020,Methods of test for three-phase induction motors,"Standard test methods for efficiency determination, temperature rise, winding resistance, insulation resistance, slip, and no-load tests for induction motors.",Electrical,ETD 15 (Rotating Machinery),2020,Active,,Scheme-I / ISI Mark,True,Normative test standard under Electric Motors QCO
IS 12824:2019,Three Phase Induction Motors for Inverter Duty / Variable Frequency Drives (VFD),"Technical requirements for three-phase induction motors operated on variable voltage and variable frequency supplies (VFD inverter fed motors), insulation stress, and bearing current mitigation.",Electrical,ETD 15 (Rotating Machinery),2019,Active,,Scheme-I / ISI Mark,True,Electric Motors QCO
IS 8789:2014,Values of Performance Characteristics for Three-Phase Induction Motors,"Prescribes standard values for power factor, full load current, starting torque, pull-out torque, and efficiency for standard foot and flange mounted industrial motors.",Electrical,ETD 15 (Rotating Machinery),2014,Active,,Scheme-I / ISI Mark,True,Normative reference for IS 12615
IS 996:2009,Single-Phase Small AC and Universal Electric Motors,"Covers performance, dimensions, and testing of fractional kilowatt single-phase induction motors and universal motors for domestic and light industrial machinery.",Electrical,ETD 15 (Rotating Machinery),2009,Active,,Scheme-I / ISI Mark,True,"Electric Motors (Quality Control) Order, 2024"
IS 1180 (Part 1):2014,"Outdoor Type Oil Immersed Distribution Transformers up to and including 2500 kVA, 33 kV","Standard for distribution transformers used in power utilities, smart cities, and public infrastructure projects. Specifies total losses at 50% and 100% loading for BEE Energy Star ratings.",Electrical,ETD 16 (Transformers),2014,Active,IS 1180:1989,Scheme-I / ISI Mark,True,"Distribution Transformers (Quality Control) Order, Ministry of Power"
IS 2026 (Part 1):2011,Power Transformers - Part 1: General Requirements,"Covers design, ratings, temperature rise limits, tapping connections, and specifications for large power transformers installed in electrical transmission and generation grids.",Electrical,ETD 16 (Transformers),2011,Active,IS 2026:1977,Scheme-I / ISI Mark,True,Electrical Equipment QCO
IS 335:2018,Uninhibited and Inhibited Mineral Insulating Oils for Transformers and Switchgears,"Specification for mineral insulating oils used in transformers, switchgear, and circuit breakers, covering dielectric breakdown voltage, moisture content, and oxidation stability.",Electrical,ETD 16 (Transformers),2018,Active,IS 335:1993,Scheme-I / ISI Mark,True,Transformer Oil QCO
IS 694:2010,Polyvinyl Chloride (PVC) Insulated Unsheathed and Sheathed Cables/Cords with Rigid and Flexible Conductor for Rated Voltages up to and including 450/750 V,"Standard for domestic, building, and commercial internal wiring cables, flexible cords, and panel wiring conductors.",Electrical,ETD 09 (Cables & Conductors),2010,Active,IS 694:1990,Scheme-I / ISI Mark,True,"Wires and Cables (Quality Control) Order, 2023 - DPIIT"
IS 7098 (Part 1):1988,Crosslinked Polyethylene (XLPE) Insulated PVC Sheathed Cables for Working Voltages up to and including 1100 V,"Low-voltage armoured and unarmoured power and control cables for public utilities, underground industrial distribution, and power stations.",Electrical,ETD 09 (Cables & Conductors),1988,Active,,Scheme-I / ISI Mark,True,"Wires and Cables QCO, 2023"
IS 7098 (Part 2):2011,Crosslinked Polyethylene (XLPE) Insulated PVC Sheathed Cables for Working Voltages from 3.3 kV up to and including 33 kV,"Medium and high-voltage power cables for urban power distribution networks, municipal infrastructure, and industrial substations.",Electrical,ETD 09 (Cables & Conductors),2011,Active,IS 7098 (Part 2):1985,Scheme-I / ISI Mark,True,"Wires and Cables QCO, 2023"
IS/IEC 60947 (Part 2):2019,"Low-Voltage Switchgear and Controlgear - Part 2: Circuit-Breakers (MCCB, ACB)",Covers air circuit breakers (ACB) and moulded case circuit breakers (MCCB) intended for electrical protection and switching in power distribution boards and industrial motor control centers.,Electrical,ETD 07 (Low Voltage Switchgear),2019,Active,IS 13947 (Part 2),Scheme-I / ISI Mark,True,"Circuit Breakers (Quality Control) Order, 2023 - DPIIT"
IS/IEC 60898 (Part 1):2015,Electrical Accessories - Circuit-Breakers for Overcurrent Protection for Household and Similar Installations (MCB),"Standard for miniature circuit breakers (MCBs) operating at 50 Hz AC up to 125 A for residential, educational, hospital, and public commercial buildings.",Electrical,ETD 07 (Low Voltage Switchgear),2015,Active,IS 8828:1996,Scheme-I / ISI Mark,True,"Electrical Accessories QCO, 2023"
IS 12640 (Part 1):2016,Residual Current Operated Circuit-Breakers without Integral Overcurrent Protection (RCCB),"Standard for RCCB / RCD earth leakage protection switches for preventing electric shocks, electrocution, and electrical fire hazards in public buildings.",Electrical,ETD 07 (Low Voltage Switchgear),2016,Active,IS 12640:2000,Scheme-I / ISI Mark,True,Electrical Safety Equipment QCO
IS 13779:2020,"AC Static Watthour Meters, Class 1 and 2 - Specification","Electronic static electricity energy meters for revenue metering in state discoms, municipal facilities, and smart metering deployments.",Electrical,ETD 13 (Equipment for Electrical Energy Measurement),2020,Active,IS 13779:1999,Scheme-I / ISI Mark,True,"Electricity Meters (Quality Control) Order, 2020"
IS 16444 (Part 1):2015,A.C. Static Direct Connected Smart Meter (Class 1 and 2) - Specification (Smart Prepaid Meters),Standard for smart prepaid and bidirectional communication electricity meters for national smart grid and RDSS public utility tenders.,Electrical,ETD 13 (Electrical Energy Measurement),2015,Active,,Scheme-I / ISI Mark,True,"Smart Meters QCO, Ministry of Power"
IS 3043:2018,Code of Practice for Earthing,"Defines engineering requirements, electrode designs, pipe/plate earthing, chemical earthing, soil resistivity, and safety bonding for electrical installations.",Electrical,ETD 20 (Electrical Installation),2018,Active,IS 3043:1987,Scheme-IV / Code of Practice,False,Mandated by Central Electricity Authority Regulations
IS 2309:1989,Code of Practice for the Protection of Allied Structures against Lightning,"Design, installation, and inspection of lightning protection systems, air terminals, down conductors, and earth terminations for public structures, hospitals, and high-rise towers.",Electrical,ETD 20 (Electrical Installation),1989,Active,,Scheme-IV / Code of Practice,False,National Building Code 2016 Part 8
IS 10322 (Part 5/Sec 1):2012,"Luminaires - Particular Requirements - Fixed General Purpose Luminaires (LED Street Lighting, Flood Lighting)","Safety and performance requirements for commercial, industrial, and municipal LED luminaires, street lamps, and floodlights.",Electrical,ETD 24 (Illumination Engineering),2012,Active,IS 10322 (Part 5/Sec 1):1987,Scheme-I / ISI Mark,True,"Solar/LED Lighting (Quality Control) Order, 2020"
IS 14286:2010,Crystalline Silicon Terrestrial Photovoltaic (PV) Modules - Design Qualification and Type Approval,"Design qualification, mechanical load testing, thermal cycling, damp heat, and UV exposure testing for monocrystalline and polycrystalline solar PV panels in government tenders.",Solar Energy,MED 04 / ETD 28 (Solar Photovoltaic Energy Systems),2010,Active,,Scheme-I / ISI Mark,True,"Solar Photovoltaics, Systems, Devices and Components Goods (Requirements for Compulsory Registration) Order, MNRE"
IS/IEC 61730 (Part 1):2016,Photovoltaic (PV) Module Safety Qualification - Part 1: Requirements for Construction,Specifies fundamental constructional requirements for photovoltaic (PV) modules in order to provide safe electrical and mechanical operation during their intended lifetime (Class II safety).,Solar Energy,ETD 28 (Solar Photovoltaic Energy Systems),2016,Active,IS/IEC 61730 (Part 1):2004,Scheme-I / ISI Mark,True,"Solar Goods Compulsory Registration / QCO, MNRE"
IS/IEC 61730 (Part 2):2016,Photovoltaic (PV) Module Safety Qualification - Part 2: Requirements for Testing,"Prescribes test sequences for electrical shock hazard, fire hazard, mechanical stress, insulation resistance, and dielectric withstand tests on solar panels.",Solar Energy,ETD 28 (Solar Photovoltaic Energy Systems),2016,Active,IS/IEC 61730 (Part 2):2004,Scheme-I / ISI Mark,True,MNRE Solar QCO & BIS Conformity
IS 16221 (Part 2):2015,Safety of Power Converters for use in Photovoltaic Power Systems - Part 2: Particular Requirements for Inverters,"Safety requirements for grid-tied solar inverters, hybrid inverters, and central solar inverters installed in rooftop and utility-scale solar projects.",Solar Energy,ETD 28 (Solar Photovoltaic Energy Systems),2015,Active,,Scheme-II / CRS,True,"Solar Inverters Compulsory Registration Order, MNRE"
IS 16169:2014,Test Procedure of Islanding Prevention Measures for Utility-Interconnected Photovoltaic Inverters,Prescribes test methods to verify that utility-interconnected solar inverters cease to energize the grid within prescribed time limits upon grid power loss (anti-islanding protection).,Solar Energy,ETD 28 (Solar Photovoltaic Energy Systems),2014,Active,,Scheme-II / CRS,True,Central Electricity Authority (Technical Standards for Connectivity)
IS 16560 (Part 1):2017,Solar Photovoltaic Water Pumping Systems - Specification,"Technical requirements, water output performance, motor pump efficiency, and controller requirements for solar agricultural water pumping systems (PM-KUSUM scheme tenders).",Solar Energy,MED 04 (Non-Conventional Energy Sources),2017,Active,,Scheme-I / ISI Mark,True,"PM-KUSUM Technical Guidelines, MNRE"
IS 12933 (Part 1):2003,Solar Flat Plate Collector - Specification,"Thermal performance, construction, absorber coating, glazing, and pressure testing for solar thermal flat plate collectors for solar water heating systems.",Solar Energy,MED 04 (Non-Conventional Energy),2003,Active,IS 12933:1992,Scheme-I / ISI Mark,True,Solar Thermal Goods QCO
IS 16046 (Part 2):2018,Secondary Cells and Batteries Containing Alkaline or Other Non-Acid Electrolytes - Safety Requirements for Portable Lithium Systems,"Safety requirements for portable sealed secondary lithium cells and batteries (Lithium-ion / LiFePO4) for laptops, tablets, telecom UPS, and solar ESS storage.",Solar Energy,ETD 11 (Secondary Cells & Batteries),2018,Active,IS 16046:2015,Scheme-II / CRS,True,Lithium Battery Compulsory Registration Order - MeitY
IS 1651:2013,"Stationary Cells and Batteries, Lead-Acid Type (with Tubular Positive Plates)","High-capacity tubular lead-acid batteries for telecom towers, solar PV energy storage, central inverters, and electrical substations.",Solar Energy,ETD 11 (Secondary Cells & Batteries),2013,Active,IS 1651:1991,Scheme-I / ISI Mark,True,Lead Acid Batteries QCO
IS 13252 (Part 1):2010,"Information Technology Equipment - Safety - Part 1: General Requirements (Laptops, Notebooks, Desktops, Computer Servers)","General safety requirements for IT equipment including laptops, notebooks, desktop PCs, computer servers, scanners, printers, point of sale terminals, and visual display terminals in public procurement.",Electronics & IT,LITD 07 (Information Technology Equipment),2010,Active,,Scheme-II / CRS,True,Electronics and Information Technology Goods (Compulsory Registration Scheme) Order - MeitY
IS 616:2017,"Audio, Video and Similar Electronic Apparatus - Safety Requirements","Safety requirements for electronic apparatus intended for receiving, generating, recording, or reproducing audio, video, and associated signals (Smart TVs, public display screens, PA sound systems).",Electronics & IT,LITD 07 (IT & Electronics),2017,Active,IS 616:2010,Scheme-II / CRS,True,Electronics Goods Compulsory Registration Order - MeitY
IS 16242 (Part 1):2014,Uninterruptible Power Systems (UPS) - Part 1: General and Safety Requirements for UPS,"Standard for online and line-interactive UPS systems, battery backup systems for data centers, municipal control rooms, and government IT infrastructure.",Electronics & IT,LITD 07 (Information Technology),2014,Active,,Scheme-II / CRS,True,UPS (Compulsory Registration Scheme) Order - MeitY
IS 13252 (Part 1) / CCTV:2017,Closed Circuit Television (CCTV) Systems and Video Surveillance Cameras - Safety,"Safety, cybersecurity compliance, power over ethernet (PoE) safety, and enclosure requirements for CCTV security cameras deployed in smart cities and police infrastructure.",Electronics & IT,LITD 07 (Electronics & IT),2017,Active,,Scheme-II / CRS,True,Public Procurement (Preference to Make in India) & MeitY CCTV Security Notification 2024
IS 269:2015,"Ordinary Portland Cement (33 Grade, 43 Grade and 53 Grade) - Specification","Standard for Ordinary Portland Cement (OPC) 33, 43, and 53 grades used in structural concrete, bridge piers, RCC buildings, and critical infrastructure projects.",Civil & Construction,CED 02 (Cement & Concrete),2015,Active,IS 8112:1989 & IS 12269:1987 (Integrated into IS 269),Scheme-I / ISI Mark,True,"Cement (Quality Control) Order, 2024 - DPIIT"
IS 456:2000,Plain and Reinforced Concrete - Code of Practice,"The national engineering code for structural design and execution of reinforced concrete (RCC) structures, minimum cover, slump, water-cement ratios, and durability guidelines.",Civil & Construction,CED 02 (Cement & Concrete),2000,Active,IS 456:1978,Scheme-IV / Code of Practice,False,Mandatory Design Code under CPWD and State PWD Manuals
IS 1786:2008,High Strength Deformed Steel Bars and Wires for Concrete Reinforcement (TMT Rebars),"Technical specification for thermo-mechanically treated (TMT) deformed steel rebars of grades Fe 415, Fe 500, Fe 500D, Fe 550, Fe 550D, and Fe 600 used in seismic-resistant structural foundations and buildings.",Civil & Construction,CED 54 (Concrete Reinforcement),2008,Active,IS 1786:1985,Scheme-I / ISI Mark,True,"Steel and Steel Products (Quality Control) Order, Ministry of Steel"
IS 2062:2011,Hot Rolled Medium and High Tensile Structural Steel - Specification,"Specification for structural steel plates, beams, channels, angles, and hollow sections used in bridge construction, steel girders, industrial sheds, and civil infrastructure.",Civil & Construction,CED 54 (Structural Steel),2011,Active,IS 2062:2006,Scheme-I / ISI Mark,True,"Steel and Steel Products QCO, Ministry of Steel"
IS 4985:2021,Unplasticized PVC Pipes for Potable Water Supplies - Specification,"Technical requirements for UPVC pressure pipes used in municipal drinking water distribution, rural water supply (Jal Jeevan Mission), and underground utility mains.",Civil & Construction,CED 50 (Plastic Piping Systems),2021,Active,IS 4985:2000,Scheme-I / ISI Mark,True,"Pipes and Fittings (Quality Control) Order, 2023 - DPIIT"
IS 8329:2000,"Centrifugally Cast (Ductile) Iron Pressure Pipes for Water, Gas and Sewage","Ductile Iron (DI) K7 and K9 class pressure pipes with socket and spigot ends used in long-distance raw water transmission, urban sewage pumping mains, and water supply trunk lines.",Civil & Construction,CED 50 (Piping Systems),2000,Active,IS 8329:1990,Scheme-I / ISI Mark,True,"Cast Iron and Ductile Iron Products (Quality Control) Order, 2023"
IS 1520:1980,"Horizontal Centrifugal Pumps for Clear, Cold, Fresh Water","Specification for single-stage horizontal centrifugal pumps for water supply, booster pumping, cooling water circulation, and clear water transfer.",Mechanical,MED 20 (Pumps),1980,Active,IS 1520:1972,Scheme-I / ISI Mark,True,"Pumps (Quality Control) Order, 2024 - DPIIT"
IS 8034:2018,Submersible Pumpsets - Specification,"Technical requirements for multi-stage borehole submersible electric pump sets for agricultural irrigation, tube wells, municipal groundwater extraction, and rural drinking water schemes.",Mechanical,MED 20 (Pumps),2018,Active,IS 8034:2002,Scheme-I / ISI Mark,True,"Pumps (Quality Control) Order, 2024 - DPIIT"
IS 15683:2018,Portable Fire Extinguishers - Performance and Construction - Specification,"Standard for portable fire extinguishers (ABC dry powder, CO2, foam, and clean agent) used for building fire protection, government offices, hospitals, and educational institutions.",Mechanical,MED 22 (Fire Fighting Operations),2018,Active,"IS 2171, IS 940, IS 2878, IS 10204 (Consolidated into IS 15683)",Scheme-I / ISI Mark,True,"Fire Fighting Equipment (Quality Control) Order, 2023 - DPIIT"
IS 14846:2000,Sluice Valves for Water Works Purposes (50 to 1200 mm Size) - Specification (Gate Valves),"Design, materials, dimensions, and pressure testing of cast iron / ductile iron resilient seated and metal-to-metal sluice gate valves for municipal water supply lines.",Mechanical,MED 03 (Piping & Valves),2000,Active,IS 780:1984 & IS 2906:1984,Scheme-I / ISI Mark,True,"Valves (Quality Control) Order, 2024"
IS 10258:2002,Sterile Hypodermic Syringes for Single Use - Specification,"Specification for sterile single-use disposable plastic hypodermic syringes (1 ml to 50 ml) for public hospital supplies, vaccination programs, and clinical use.",Medical Devices,MHD 12 (Hospital Equipment & Surgical Instruments),2002,Active,IS 10258:1982,Scheme-I / CDSCO Medical License,True,"Medical Devices (Quality Control) Regulations, Ministry of Health / CDSCO"
IS 13422:1992,Sterile Rubber Surgical Gloves - Specification,"Technical requirements, tensile strength before and after aging, freedom from pinholes (AQL), powder limits, and water-extractable protein limits for surgical gloves.",Medical Devices,MHD 12 (Surgical Instruments & Rubber Goods),1992,Active,,Scheme-I / ISI Mark,True,"Medical Rubber Gloves QCO, 2023"
IS 252:2013,"Caustic Soda, Pure and Technical - Specification","Chemical composition, sodium hydroxide purity (>99.5% for pure, >96% for technical), carbonate, chloride, and heavy metals limit for caustic soda flakes and lye.",Chemicals,CHD 01 (Inorganic Chemicals),2013,Active,IS 252:1991,Scheme-I / ISI Mark,True,"Caustic Soda (Quality Control) Order, Department of Chemicals and Petrochemicals (DCPC)"
IS 14543:2016,Packaged Drinking Water (Other than Packaged Natural Mineral Water) - Specification,"Physical, chemical, microbiological limits (absence of E. coli, coliforms, salmonella), total dissolved solids (TDS), pesticide residues limits, and packaging requirements for bottled water.",Food & Agriculture,FAD 14 (Drinks & Drinking Water),2016,Active,IS 14543:2004,Scheme-I / ISI Mark,True,Mandatory Certification under Food Safety and Standards Act & BIS Scheme-I
IS 15884:2010,Alternating Current Direct Connected Static Prepayment Meters for Active Energy,Prepayment electricity meters for public housing and utilities,Electrical,ETD 13,2010,Active,,Scheme-I / ISI Mark,True,Electrical Products (Quality Control) Order
IS 15959 (Part 1):2011,"Data Exchange for Electricity Meter Reading, Tariff and Load Control (Companion Standard for Indian Metering)",Interoperability standard for smart discom meters,Electrical,ETD 13,2011,Active,,Scheme-I / ISI Mark,True,Electrical Products (Quality Control) Order
IS 900:1992,Code of Practice for Installation and Maintenance of Induction Motors,Installation and safety clearances for industrial motors,Electrical,ETD 15,1992,Active,,Scheme-IV / Code of Practice,False,
IS 1255:1983,Code of Practice for Installation and Maintenance of Power Cables up to and including 33 kV Rating,"Laying, jointing, and trench safety for underground power cables",Electrical,ETD 09,1983,Active,,Scheme-IV / Code of Practice,False,
IS 8130:2013,Conductors for Insulated Electric Cables and Flexible Cords,Stranded copper and aluminium conductors electrical resistance limits,Electrical,ETD 09,2013,Active,,Scheme-I / ISI Mark,True,Electrical Products (Quality Control) Order
IS 5831:1984,PVC Insulation and Sheath of Electric Cables,Thermal and elongation properties for cable insulation compounds,Electrical,ETD 09,1984,Active,,Scheme-I / ISI Mark,True,Electrical Products (Quality Control) Order
IS 3975:1999,"Low Carbon Galvanized Steel Wires, Formed Wires and Tapes for Armouring of Cables",Armour protection for underground cables,Electrical,ETD 09,1999,Active,,Scheme-I / ISI Mark,True,Electrical Products (Quality Control) Order
IS 10810 (Part 1 to 65):1984,Methods of Test for Cables,"Mechanical, electrical, fire resistance, and smoke density test methods",Electrical,ETD 09,1984,Active,,Scheme-I / ISI Mark,True,Electrical Products (Quality Control) Order
IS 302 (Part 1):2008,Safety of Household and Similar Electrical Appliances - General Requirements,"Mandatory safety standard for domestic water heaters, irons, and room heaters",Electrical,ETD 32,2008,Active,,Scheme-I / ISI Mark,True,Electrical Products (Quality Control) Order
IS 302 (Part 2/Sec 3):2007,Safety of Electric Iron,Thermostat cutoff and thermal safety for electric irons,Electrical,ETD 32,2007,Active,,Scheme-I / ISI Mark,True,Electrical Products (Quality Control) Order
IS 302 (Part 2/Sec 21):2011,Safety of Stationary Storage Water Heaters (Geysers),Pressure safety and electrical isolation for water geysers,Electrical,ETD 32,2011,Active,,Scheme-I / ISI Mark,True,Electrical Products (Quality Control) Order
IS 2086:1993,Semi-Enclosed Electric Fuses (Rewireable Type),Rewireable carrier cutouts and porcelain fuses for distribution,Electrical,ETD 07,1993,Active,,Scheme-I / ISI Mark,True,Electrical Products (Quality Control) Order
IS 13947 (Part 1):1993,Specification for Low-Voltage Switchgear and Controlgear - General Rules,"Terminal markings, dielectric properties, and temperature rise",Electrical,ETD 07,1993,Active,,Scheme-I / ISI Mark,True,Electrical Products (Quality Control) Order
IS 13947 (Part 4/Sec 1):1993,Low Voltage Switchgear - Contactors and Motor Starters,DOL and Star-Delta contactors for industrial motor starters,Electrical,ETD 07,1993,Active,,Scheme-I / ISI Mark,True,Electrical Products (Quality Control) Order
IS 8623 (Part 1):1993,Specification for Low-Voltage Switchgear and Controlgear Assemblies,Factory-built assemblies for motor control centers (MCC) and power control centers (PCC),Electrical,ETD 07,1993,Active,,Scheme-I / ISI Mark,True,Electrical Products (Quality Control) Order
IS 732:2019,Code of Practice for Electrical Wiring Installations,Interior electrical wiring design for buildings and institutions,Electrical,ETD 20,2019,Active,,Scheme-IV / Code of Practice,False,
IS 374:2019,Electric Ceiling Type Fans and Regulators - Specification,"Energy efficiency, air delivery (CMM), and safety for ceiling fans in government offices",Electrical,ETD 33,2019,Active,,Scheme-I / ISI Mark,True,Electrical Products (Quality Control) Order
IS 2312:1967,Exhaust Fans - Specification,Industrial and domestic air ventilation exhaust fans,Electrical,ETD 33,1967,Active,,Scheme-I / ISI Mark,True,Electrical Products (Quality Control) Order
IS 1293:2019,Plugs and Socket-Outlets of Rated Voltage up to and including 250 Volts and Rated Current up to and including 16 Amperes,Shuttered electrical wall sockets and safety plugs,Electrical,ETD 14,2019,Active,,Scheme-I / ISI Mark,True,Electrical Products (Quality Control) Order
IS 3854:1997,Switches for Domestic and Similar Fixed Electrical Installations,Modular piano switches and rocker switches for buildings,Electrical,ETD 14,1997,Active,,Scheme-I / ISI Mark,True,Electrical Products (Quality Control) Order
IS 13585 (Part 1):2012,Shunt Power Capacitors of the Non-Self-Healing Type for A.C. Systems having a Rated Voltage up to and including 1000 V,Power factor correction capacitor banks for industrial substations,Electrical,ETD 29,2012,Active,,Scheme-I / ISI Mark,True,Electrical Products (Quality Control) Order
IS 13340:1993,Power Capacitors of Self-Healing Type for AC Power Systems up to 650 V,PFC capacitors for municipal pumping stations,Electrical,ETD 29,1993,Active,,Scheme-I / ISI Mark,True,Electrical Products (Quality Control) Order
IS 398 (Part 2):1996,"Aluminium Conductors for Overhead Transmission Purposes - Aluminium Conductor, Galvanized Steel-Reinforced (ACSR)","ACSR conductors (Weasel, Rabbit, Dog, Panther) for overhead power lines",Electrical,ETD 37,1996,Active,,Scheme-I / ISI Mark,True,Electrical Products (Quality Control) Order
IS 398 (Part 4):1994,Aluminium Alloy Conductors (AAAC) for Overhead Transmission Purposes,AAAC transmission lines for high corrosion and coastal power grids,Electrical,ETD 37,1994,Active,,Scheme-I / ISI Mark,True,Electrical Products (Quality Control) Order
IS 2551:1982,Danger Notice Plates,Enamelled red danger warning plates for electrical substations and high-voltage poles,Electrical,ETD 20,1982,Active,,Scheme-I / ISI Mark,False,
IS 2713:1980,Tubular Steel Poles for Overhead Power Lines,Swaged steel poles for power distribution and street illumination,Electrical,ETD 37,1980,Active,,Scheme-I / ISI Mark,True,Electrical Products (Quality Control) Order
IS 7987:1979,Guide for Selection of High Voltage AC Circuit Breakers,"Technical parameters for 11kV, 33kV, and 66kV vacuum and SF6 circuit breakers",Electrical,ETD 08,1979,Active,,Scheme-IV / Engineering Guide,False,
IS 13118:1991,High-Voltage Alternating-Current Circuit-Breakers,Vacuum circuit breakers (VCB) and SF6 circuit breakers for substation switchyards,Electrical,ETD 08,1991,Active,,Scheme-I / ISI Mark,True,Electrical Products (Quality Control) Order
IS 9921 (Part 1 to 5):1985,Alternating Current Disconnectors (Isolators) and Earthing Switches for Voltages above 1000 V,Substation manual and motorized off-load isolators,Electrical,ETD 08,1985,Active,,Scheme-I / ISI Mark,True,Electrical Products (Quality Control) Order
IS 3072:1975,Code of Practice for Installation and Maintenance of Switchgear,Safety procedures for high and low voltage switchgear panels,Electrical,ETD 08,1975,Active,,Scheme-IV / Code of Practice,False,
IS 16627:2017,Secondary Lithium Cells and Batteries for Use in Industrial Applications,Industrial LiFePO4 battery banks for solar microgrids and telecom towers,Solar Energy,ETD 11,2017,Active,,Scheme-II / CRS,True,Solar Energy Products (Quality Control) Order
IS 16270:2015,Secondary Cells and Batteries for Solar Photovoltaic Application - General Requirements and Methods of Test,Cycle life and deep discharge testing for solar batteries,Solar Energy,ETD 11,2015,Active,,Scheme-I / ISI Mark,True,Solar Energy Products (Quality Control) Order
IS 16560 (Part 2):2017,Solar Photovoltaic Water Pumping Systems - Test Procedure,Dynamic head and daily water output testing for solar pump sets,Solar Energy,MED 04,2017,Active,,Scheme-I / ISI Mark,True,Solar Energy Products (Quality Control) Order
IS 16738:2018,Positive Temperature Coefficient (PTC) Solar Water Heaters,Evacuated tube collector (ETC) solar water heating systems,Solar Energy,MED 04,2018,Active,,Scheme-I / ISI Mark,True,Solar Energy Products (Quality Control) Order
IS 16077:2013,Measurement Procedures for Materials Used in Photovoltaic Modules - Encapsulants (EVA Sheets),"Cross-linking, gel content, and optical transmission of solar EVA film",Solar Energy,ETD 28,2013,Active,,Scheme-I / ISI Mark,True,Solar Energy Products (Quality Control) Order
IS 17293:2020,Solar Cable - Cross-linked Polyolefin Insulated and Sheathed Cables for Photovoltaic Systems,"UV resistant, flame retardant halogen-free 1.5 kV DC solar power cables",Solar Energy,ETD 09,2020,Active,,Scheme-I / ISI Mark,True,Solar Energy Products (Quality Control) Order
IS 16626:2018,Balance of System Components for Photovoltaic Systems,"Junction boxes, MC4 connectors, and DC surge protective devices for solar arrays",Solar Energy,ETD 28,2018,Active,,Scheme-I / ISI Mark,True,Solar Energy Products (Quality Control) Order
IS/IEC 62446-1:2016,"Photovoltaic (PV) Systems - Requirements for Testing, Documentation and Maintenance","Commissioning documentation, grid verification, and IV curve tracing for solar plants",Solar Energy,ETD 28,2016,Active,,Scheme-IV / Inspection Standard,False,
IS 16103 (Part 1):2012,Led Modules for General Lighting - Safety Requirements,DC driven LED boards for solar street lamps and luminaires,Solar Energy,ETD 24,2012,Active,,Scheme-II / CRS,True,Solar Energy Products (Quality Control) Order
IS 16107 (Part 2/Sec 1):2016,Luminaires Performance - Particular Requirements - LED Luminaires,Luminous efficacy (lm/W) and color rendering index (CRI) for LED luminaires,Solar Energy,ETD 24,2016,Active,,Scheme-I / ISI Mark,True,Solar Energy Products (Quality Control) Order
IS 13252 (Part 1) / TAB:2010,Tablet Computers and Mobile Computing Devices - Safety,Tablets and handheld educational computers procured for government schools,Electronics & IT,LITD 07,2010,Active,,Scheme-II / CRS,True,Electronics & IT Products (Quality Control) Order
IS 13252 (Part 1) / LED-DISP:2010,Interactive Flat Panels and Smart Digital Displays - Safety,Touchscreen interactive digital boards for smart classrooms and conference rooms,Electronics & IT,LITD 07,2010,Active,,Scheme-II / CRS,True,Electronics & IT Products (Quality Control) Order
IS 13252 (Part 1) / POW-ADAPT:2010,Power Adaptors for IT Equipment and Mobile Phones,SMPS charging adaptors safety and flame retardance,Electronics & IT,LITD 07,2010,Active,,Scheme-II / CRS,True,Electronics & IT Products (Quality Control) Order
IS 16047:2014,Secondary Cells and Batteries for Portable Applications - Performance,Capacity retention and discharge rate for laptop lithium batteries,Electronics & IT,ETD 11,2014,Active,,Scheme-II / CRS,True,Electronics & IT Products (Quality Control) Order
IS 15885 (Part 1):2011,Lamp Controlgear - General and Safety Requirements,Creepage distances and fire resistance of electronic lighting ballasts,Electronics & IT,ETD 24,2011,Active,,Scheme-II / CRS,True,Electronics & IT Products (Quality Control) Order
IS 1417:2016,"Gold and Gold Alloys, Silver and Silver Alloys Jewellery/Artefacts - Fineness and Marking","Hallmarking purity standards for precious metals (22K, 18K, 14K)",Electronics & IT,MTD 10,2016,Active,,Scheme-I / Hallmarking,True,Electronics & IT Products (Quality Control) Order
IS 17575 (Part 1):2021,Electronic Toll Collection - Dedicated Short Range Communication (DSRC) FASTag,RFID transponders and windshield tags for national highway toll collection,Electronics & IT,LITD 10,2021,Active,,Scheme-I / ISI Mark,True,Electronics & IT Products (Quality Control) Order
IS 15886:2010,Point of Sale (POS) Terminals - Functional Requirements,Financial transaction security and EMV chip card compliance for POS machines,Electronics & IT,LITD 18,2010,Active,,Scheme-II / CRS,True,Electronics & IT Products (Quality Control) Order
IS 16076:2015,Server Systems - Environmental Testing and Operational Limits,"High temperature, vibration, and thermal cycling for enterprise datacenter servers",Electronics & IT,LITD 07,2015,Active,,Scheme-II / CRS,True,Electronics & IT Products (Quality Control) Order
IS 16333 (Part 3):2017,Mobile Phone Handsets - Part 3: Indian Language Support for Mobile Phone Handsets,Mandatory requirement for 22 Indian official language reading and writing on digital devices,Electronics & IT,LITD 07,2017,Active,,Scheme-II / CRS,True,Electronics & IT Products (Quality Control) Order
IS 8112:2013,"Ordinary Portland Cement, 43 Grade - Specification",43 Grade OPC cement for general concrete construction and plastering,Civil & Construction,CED 02,2013,Active,,Scheme-I / ISI Mark,True,Civil & Construction Products (Quality Control) Order
IS 12269:2013,"Ordinary Portland Cement, 53 Grade - Specification",53 Grade high early-strength OPC cement for prestressed concrete and bridges,Civil & Construction,CED 02,2013,Active,,Scheme-I / ISI Mark,True,Civil & Construction Products (Quality Control) Order
IS 1489 (Part 1):2015,Portland Pozzolana Cement - Specification - Part 1: Fly Ash Based,"PPC fly ash cement for marine works, mass concreting, and durable buildings",Civil & Construction,CED 02,2015,Active,,Scheme-I / ISI Mark,True,Civil & Construction Products (Quality Control) Order
IS 1489 (Part 2):2015,Portland Pozzolana Cement - Specification - Part 2: Calcined Clay Based,PPC calcined clay cement for sulphate resistant foundations,Civil & Construction,CED 02,2015,Active,,Scheme-I / ISI Mark,True,Civil & Construction Products (Quality Control) Order
IS 455:2015,Portland Slag Cement - Specification,PSC slag cement utilizing blast furnace slag for sewage and chemical exposure structures,Civil & Construction,CED 02,2015,Active,,Scheme-I / ISI Mark,True,Civil & Construction Products (Quality Control) Order
IS 12330:1988,Sulphate Resisting Portland Cement - Specification,Special cement for coastal foundations and high-sulphate soils,Civil & Construction,CED 02,1988,Active,,Scheme-I / ISI Mark,True,Civil & Construction Products (Quality Control) Order
IS 3495 (Part 1 to 4):2019,Methods of Tests of Burnt Clay Building Bricks,Standard test methods for compressive strength and efflorescence,Civil & Construction,CED 30,2019,Active,,Scheme-I / Testing Code,False,
IS 12894:2002,Pulverized Fuel Ash-Lime Bricks - Specification,Eco-friendly flyash lime bricks for public green building mandates,Civil & Construction,CED 30,2002,Active,,Scheme-I / ISI Mark,False,
IS 2185 (Part 3):1984,Concrete Masonry Units - Autoclaved Cellular (Aerated) Concrete Blocks (AAC Blocks),"Thermal insulating, lightweight AAC blocks for high-rise building walls",Civil & Construction,CED 30,1984,Active,,Scheme-I / ISI Mark,False,
IS 11652:2000,High Density Polyethylene (HDPE) Woven Sacks for Packing of 50 kg Cement,Bursting strength and drop test for cement packaging bags,Civil & Construction,TXD 23,2000,Active,,Scheme-I / ISI Mark,True,Civil & Construction Products (Quality Control) Order
IS 800:2007,General Construction in Steel - Code of Practice,"Working stress and limit state design of steel frames, roof trusses, and towers",Civil & Construction,CED 07,2007,Active,,Scheme-IV / Code of Practice,False,
IS 1161:2014,Steel Tubes for Structural Purposes - Specification,"Hollow circular steel sections for stadium canopies, trusses, and railings",Civil & Construction,CED 07,2014,Active,,Scheme-I / ISI Mark,True,Civil & Construction Products (Quality Control) Order
IS 4923:2017,Hollow Steel Sections for Structural Use (RHS and SHS),Rectangular and square hollow steel sections for architectural framing,Civil & Construction,CED 07,2017,Active,,Scheme-I / ISI Mark,True,Civil & Construction Products (Quality Control) Order
IS 1239 (Part 1):2004,"Steel Tubes, Tubulars and Other Wrought Steel Fittings - Part 1: Steel Tubes (GI Pipes)","Galvanized mild steel pipes (Class A, B, C) for plumbing and fire sprinkler lines",Civil & Construction,CED 50,2004,Active,,Scheme-I / ISI Mark,True,Civil & Construction Products (Quality Control) Order
IS 1239 (Part 2):1992,"Mild Steel Tubes, Tubulars and Other Wrought Steel Fittings - Part 2: Mild Steel Tubulars and Fittings","Threaded elbows, tees, and unions for galvanized steel piping",Civil & Construction,CED 50,1992,Active,,Scheme-I / ISI Mark,True,Civil & Construction Products (Quality Control) Order
IS 3589:2001,Steel Pipes for Water and Sewage (168.3 to 2540 mm Outside Diameter),Large diameter submerged arc welded (SAW) steel pipes for cross-country water supply,Civil & Construction,CED 50,2001,Active,,Scheme-I / ISI Mark,True,Civil & Construction Products (Quality Control) Order
IS 15778:2007,Chlorinated Polyvinyl Chloride (CPVC) Pipes for Potable Hot and Cold Water Distribution Supplies,High-temperature CPVC plumbing pipes for hospital and residential hot water plumbing,Civil & Construction,CED 50,2007,Active,,Scheme-I / ISI Mark,True,Civil & Construction Products (Quality Control) Order
IS 4984:2016,High Density Polyethylene (HDPE) Pipes for Water Supply - Specification,PE 80 and PE 100 grade HDPE butt-welded pipes for trenchless pipe laying,Civil & Construction,CED 50,2016,Active,,Scheme-I / ISI Mark,True,Civil & Construction Products (Quality Control) Order
IS 14333:1996,High Density Polyethylene (HDPE) Pipes for Sewerage,Corrosion-resistant flexible HDPE pipes for industrial effluent and municipal sewers,Civil & Construction,CED 50,1996,Active,,Scheme-I / ISI Mark,True,Civil & Construction Products (Quality Control) Order
IS 1536:2001,"Centrifugally Cast (Spun) Iron Pressure Pipes for Water, Gas and Sewage",Cast iron pressure pipes for water mains,Civil & Construction,CED 50,2001,Active,,Scheme-I / ISI Mark,True,Civil & Construction Products (Quality Control) Order
IS 1538:1993,"Cast Iron Fittings for Pressure Pipes for Water, Gas and Sewage",Flanged cast iron bends and reducers for pipeline connections,Civil & Construction,CED 50,1993,Active,,Scheme-I / ISI Mark,True,Civil & Construction Products (Quality Control) Order
IS 458:2021,Precast Concrete Pipes (With and Without Reinforcement) - Specification,"NP2, NP3, and NP4 class RCC Hume pipes for culverts, road crossings, and drainage",Civil & Construction,CED 53,2021,Active,,Scheme-I / ISI Mark,True,Civil & Construction Products (Quality Control) Order
IS 783:1985,Code of Practice for Laying of Concrete Pipes,"Bedding, jointing, and backfilling for underground RCC storm water drains",Civil & Construction,CED 53,1985,Active,,Scheme-IV / Code of Practice,False,
IS 73:2013,Paving Bitumen - Specification,"Viscosity-graded paving bitumen (VG-10, VG-30, VG-40) for highway asphalt road carpeting",Civil & Construction,CED 17,2013,Active,,Scheme-I / ISI Mark,True,Civil & Construction Products (Quality Control) Order
IS 8887:2018,Bitumen Emulsion for Roads (Cationic Type) - Specification,Rapid setting (RS) and slow setting (SS) emulsion for tack coat and prime coat in road construction,Civil & Construction,CED 17,2018,Active,,Scheme-I / ISI Mark,True,Civil & Construction Products (Quality Control) Order
IS 15462:2019,Polymer and Rubber Modified Bitumen - Specification,Crumb rubber modified bitumen (CRMB) for heavy traffic national highways,Civil & Construction,CED 17,2019,Active,,Scheme-I / ISI Mark,True,Civil & Construction Products (Quality Control) Order
IS 9137:2019,"Acceptance Tests for Centrifugal, Mixed Flow and Axial Pumps - Class C","Standard measurement of head, discharge, power, and cavitation in pump testing",Mechanical,MED 20,2019,Active,,Scheme-I / Testing Code,False,
IS 5120:1977,Technical Requirements for Rotodynamic Special Purpose Pumps,"Casing pressure limits, shaft deflection, and bearing life for industrial water pumps",Mechanical,MED 20,1977,Active,,Scheme-IV / Engineering Code,False,
IS 9283:2013,Motors for Submersible Pumpsets - Specification,Wet-type and water-filled motors for deepwell submersible pump operations,Mechanical,ETD 15 / MED 20,2013,Active,,Scheme-I / ISI Mark,True,Mechanical Products (Quality Control) Order
IS 14220:1994,Openwell Submersible Pumpsets - Specification,"Single and multi-stage submersible pumps for rivers, open farm wells, and sumps",Mechanical,MED 20,1994,Active,,Scheme-I / ISI Mark,True,Mechanical Products (Quality Control) Order
IS 8472:2019,Regenerative Pumps for Clean Water - Specification,Self-priming domestic booster regenerative pumps for overhead water tanks,Mechanical,MED 20,2019,Active,,Scheme-I / ISI Mark,True,Mechanical Products (Quality Control) Order
IS 778:1984,"Specification for Copper Alloy Gate, Globe and Check Valves for Water Works Purposes","Bronze and brass plumbing valves, non-return check valves, and stop cocks",Mechanical,MED 03,1984,Active,,Scheme-I / ISI Mark,True,Mechanical Products (Quality Control) Order
IS 5312 (Part 1):2004,Swing Check Type Reflux (Non-Return) Valves for Water Works Purposes - Single Door Pattern,Non-return valves preventing backflow and water hammer in sewage pumping stations,Mechanical,MED 03,2004,Active,,Scheme-I / ISI Mark,True,Mechanical Products (Quality Control) Order
IS 14845:2000,Resilient Seated Cast Iron Air Release Valves for Water Works,Kinetic single and double orifice air release valves for preventing pipe vacuum burst,Mechanical,MED 03,2000,Active,,Scheme-I / ISI Mark,True,Mechanical Products (Quality Control) Order
IS 2190:2010,"Selection, Installation and Maintenance of First-Aid Fire Extinguishers - Code of Practice",Mandatory fire safety audit schedule for commercial and hospital buildings,Mechanical,MED 22,2010,Active,,Scheme-IV / Fire Code,False,
IS 4308:2019,Dry Chemical Powder for Fire Fighting - Specification,Sodium bicarbonate and potassium bicarbonate powders for Class B and C fires,Mechanical,MED 22,2019,Active,,Scheme-I / ISI Mark,True,Mechanical Products (Quality Control) Order
IS 1460:2017,Automotive Diesel Fuels - Specification,BS-VI ultra low sulphur diesel (max 10 ppm sulphur) for government transport fleets,Mechanical,PCD 03,2017,Active,,Scheme-I / ISI Mark,True,Mechanical Products (Quality Control) Order
IS 2796:2017,Motor Gasoline (Petrol) - Specification,"BS-VI ethanol-blended motor spirit (E10, E20) for state transport vehicles",Mechanical,PCD 03,2017,Active,,Scheme-I / ISI Mark,True,Mechanical Products (Quality Control) Order
IS 10654:2020,Sterile Hypodermic Needles for Single Use - Specification,"Needle sharpness, bevel angle, flow rate, and sterility for hospital injection needles",Medical Devices,MHD 12,2020,Active,,Scheme-I / CDSCO Device,True,Medical Devices Products (Quality Control) Order
IS 4148:1989,Surgical Rubber Gloves - Specification,Non-sterile medical examination gloves for clinic checkups,Medical Devices,MHD 12,1989,Active,,Scheme-I / ISI Mark,True,Medical Devices Products (Quality Control) Order
IS/ISO 10993-1:2018,Biological Evaluation of Medical Devices - Part 1: Evaluation and Testing Within a Risk Management Process,"Cytotoxicity, sensitization, and irritation testing for all invasive medical equipment",Medical Devices,MHD 19,2018,Active,,Scheme-IV / Global Standard,False,
IS/ISO 13485:2016,Medical Devices - Quality Management Systems - Requirements for Regulatory Purposes,Mandatory QMS standard for medical equipment manufacturers in government tenders,Medical Devices,MHD 19,2016,Active,,Scheme-IV / QMS Certification,False,
IS 13450 (Part 2/Sec 2):2018,Particular Requirements for the Basic Safety and Essential Performance of High Frequency Surgical Equipment,Electrosurgical cautery units safety in operating theaters,Medical Devices,MHD 15,2018,Active,,Scheme-I / CDSCO Regulated,True,Medical Devices Products (Quality Control) Order
IS 17334:2020,Coveralls for Healthcare Workers - Specification,Fluid penetration resistance and seam sealing for viral protection PPE coverall kits,Medical Devices,TXD 32,2020,Active,,Scheme-I / ISI Mark,True,Medical Devices Products (Quality Control) Order
IS 16289:2014,Medical Textiles - Surgical Face Masks - Specification,3-ply disposable surgical face masks bacterial filtration efficiency (BFE >= 98%),Medical Devices,TXD 32,2014,Active,,Scheme-I / ISI Mark,True,Medical Devices Products (Quality Control) Order
IS 1070:1992,Water for Analytical Laboratory Use - Specification,"Grade 1, 2, and 3 distilled and deionized water for analytical laboratories",Chemicals,CHD 01,1992,Active,,Scheme-I / Lab Standard,False,
IS 1065:1989,"Bleaching Powder, Stable - Specification",Chlorine content (min 34%) for municipal drinking water disinfection and sanitation,Chemicals,CHD 02,1989,Active,,Scheme-I / ISI Mark,True,Chemicals Products (Quality Control) Order
IS 517:2020,Methanol (Methyl Alcohol) - Specification,Industrial purity and distillation range for chemical processing,Chemicals,CHD 04,2020,Active,,Scheme-I / ISI Mark,True,Chemicals Products (Quality Control) Order
IS 321:2020,Absolute Alcohol - Specification,Industrial anhydrous ethanol for fuel blending (E20 program) and solvents,Chemicals,CHD 04,2020,Active,,Scheme-I / ISI Mark,True,Chemicals Products (Quality Control) Order
IS 54:1988,Nitric Acid - Specification,Technical and pure grades for fertilizer and explosives manufacturing,Chemicals,CHD 01,1988,Active,,Scheme-I / ISI Mark,True,Chemicals Products (Quality Control) Order
IS 10116:2015,Polyvinyl Chloride (PVC) Resins - Specification,Suspension PVC resins for manufacturing potable water pipes and cable insulation,Chemicals,CHD 12,2015,Active,,Scheme-I / ISI Mark,True,Chemicals Products (Quality Control) Order
IS 7328:2020,High Density Polyethylene (HDPE) Materials for Moulding and Extrusion,Melt flow index and density for HDPE pipe raw granules,Chemicals,CHD 12,2020,Active,,Scheme-I / ISI Mark,True,Chemicals Products (Quality Control) Order
IS 1165:2002,Milk-Powder - Specification,Whole milk and skimmed milk powder for mid-day meal schemes and public distribution,Food & Agriculture,FAD 19,2002,Active,,Scheme-I / ISI Mark,True,Food & Agriculture Products (Quality Control) Order
IS 1166:1986,"Condensed Milk, Partly Skimmed and Skimmed Condensed Milk - Specification",Sweetened condensed milk for food processing,Food & Agriculture,FAD 19,1986,Active,,Scheme-I / ISI Mark,True,Food & Agriculture Products (Quality Control) Order
IS 1656:2007,Milk Cereal Based Weaning Foods - Specification,Nutritional fortification and microbiological safety for infant child welfare programs,Food & Agriculture,FAD 19,2007,Active,,Scheme-I / ISI Mark,True,Food & Agriculture Products (Quality Control) Order
IS 15757:2007,Follow-Up Formula - Complementary Food - Specification,Fortified formula food for infant welfare distribution,Food & Agriculture,FAD 19,2007,Active,,Scheme-I / ISI Mark,True,Food & Agriculture Products (Quality Control) Order
IS 7874 (Part 1):1975,Methods of Tests for Animal Feeds and Feeding Stuffs - Part 1: General Methods,"Moisture, crude protein, and mineral matter testing in animal fodder",Food & Agriculture,FAD 05,1975,Active,,Scheme-I / Testing Standard,False,
IS 3025 (Part 1 to 60),Methods of Sampling and Test (Physical and Chemical) for Water and Wastewater,National reference protocol for municipal water lab analysis,Food & Agriculture,FAD 14,2019,Active,,Scheme-IV / Testing Protocol,False,
IS 13947 (Part 3):1993,"Low-Voltage Switchgear and Controlgear - Switches, Disconnectors and Fuse-Combination Units",Air break switches and load break isolators,Electrical,ETD 07,1993,Active,,Scheme-I / ISI Mark,True,Electrical Products (Quality Control) Order
IS 13947 (Part 5/Sec 1):2004,Control Circuit Devices and Switching Elements - Electromechanical Control Circuit Devices,"Push buttons, selector switches and limit switches",Electrical,ETD 07,2004,Active,,Scheme-I / ISI Mark,True,Electrical Products (Quality Control) Order
IS 13032:1991,AC Miniature Circuit-Breaker Boards for Rated Voltages up to and including 500 V,Enclosed metal distribution boards for MCBs,Electrical,ETD 07,1991,Active,,Scheme-I / ISI Mark,True,Electrical Products (Quality Control) Order
IS 8828:1996,Electrical Accessories - Circuit-Breakers for Overcurrent Protection (MCB),Preceding standard for MCB breakers,Electrical,ETD 07,1996,Active,,Scheme-I / ISI Mark,True,Electrical Products (Quality Control) Order
IS 13703 (Part 1):1993,Low-Voltage Fuses for Rated Voltages not Exceeding 1000 V AC - General Requirements,HRC cartridge fuse links for industrial panels,Electrical,ETD 07,1993,Active,,Scheme-I / ISI Mark,True,Electrical Products (Quality Control) Order
IS 13703 (Part 2/Sec 1):1993,Low-Voltage Fuses - Fuses for Use by Authorized Persons (Mainly for Industrial Application),Industrial blade-type knife fuses,Electrical,ETD 07,1993,Active,,Scheme-I / ISI Mark,True,Electrical Products (Quality Control) Order
IS 4237:1982,General Requirements for Switchgear and Controlgear for Voltages not Exceeding 1000 V AC,Clearance and creepage distances in industrial controlgear,Electrical,ETD 07,1982,Active,,Scheme-IV / Engineering Code,False,
IS 2147:1962,Degrees of Protection Provided by Enclosures for Low-Voltage Switchgear and Controlgear,Ingress protection (IP code) test protocols,Electrical,ETD 07,1962,Active,,Scheme-IV / Testing Code,False,
IS 14697:1999,"AC Static Transformer Operated Watthour and VAR-Hour Meters, Class 0.2S and 0.5S",High accuracy grid boundary and tariff trivector meters,Electrical,ETD 13,1999,Active,,Scheme-I / ISI Mark,True,Electrical Products (Quality Control) Order
IS 15959 (Part 2):2013,Data Exchange for Electricity Meter Reading - Smart Meter Companion Standard,Communication security for smart prepaid meters,Electrical,ETD 13,2013,Active,,Scheme-I / ISI Mark,True,Electrical Products (Quality Control) Order
IS 1445:1977,Porcelain Insulators for Overhead Power Lines with a Nominal Voltage up to and including 1000 V,Pin and shackle porcelain insulators for LT distribution,Electrical,ETD 06,1977,Active,,Scheme-I / ISI Mark,True,Electrical Products (Quality Control) Order
IS 731:1971,Porcelain Insulators for Overhead Power Lines with a Nominal Voltage Greater than 1000 V,Disc and pin insulators for 11kV and 33kV distribution,Electrical,ETD 06,1971,Active,,Scheme-I / ISI Mark,True,Electrical Products (Quality Control) Order
IS 2544:1973,Porcelain Post Insulators for Systems with Nominal Voltages Greater than 1000 V,Substation busbar post insulators,Electrical,ETD 06,1973,Active,,Scheme-I / ISI Mark,True,Electrical Products (Quality Control) Order
IS 5561:1970,Electric Power Connectors - Specification,Bimetallic and terminal clamps for substation transformers and switchgear,Electrical,ETD 40,1970,Active,,Scheme-I / ISI Mark,True,Electrical Products (Quality Control) Order
IS 3070 (Part 3):1993,Lightning Arresters for Alternating Current Systems - Metal Oxide Surge Arresters without Gaps,Gapless zinc-oxide surge arresters for 11kV/33kV substations,Electrical,ETD 30,1993,Active,,Scheme-I / ISI Mark,True,Electrical Products (Quality Control) Order
IS 2705 (Part 1):1992,Current Transformers - General Requirements,Instrument current transformers for protection relays and revenue metering,Electrical,ETD 34,1992,Active,,Scheme-I / ISI Mark,True,Electrical Products (Quality Control) Order
IS 2705 (Part 2):1992,Current Transformers - Measuring Current Transformers,Metering CTs for electricity billing boards,Electrical,ETD 34,1992,Active,,Scheme-I / ISI Mark,True,Electrical Products (Quality Control) Order
IS 3156 (Part 1):1992,Voltage Transformers - General Requirements,Potential transformers for voltage measurement and protection,Electrical,ETD 34,1992,Active,,Scheme-I / ISI Mark,True,Electrical Products (Quality Control) Order
IS 3231 (Part 1):1986,Electrical Relays for Power System Protection - General Requirements,Overcurrent and earth fault protection relays,Electrical,ETD 35,1986,Active,,Scheme-I / ISI Mark,True,Electrical Products (Quality Control) Order
IS 8686:1977,Static Protective Relays - Specification,Numerical electronic protective relays for substation automation,Electrical,ETD 35,1977,Active,,Scheme-I / ISI Mark,True,Electrical Products (Quality Control) Order
IS 1554 (Part 1):1988,PVC Insulated (Heavy Duty) Electric Cables for Working Voltages up to and including 1100 V,Heavy duty PVC power cables for industrial plants,Electrical,ETD 09,1988,Active,,Scheme-I / ISI Mark,True,Electrical Products (Quality Control) Order
IS 9968 (Part 1):1988,Elastomer Insulated Cables - For Working Voltages up to and including 1100 V,Rubber insulated trailing and welding cables,Electrical,ETD 09,1988,Active,,Scheme-I / ISI Mark,True,Electrical Products (Quality Control) Order
IS 14255:1995,Aerial Bunched Cables for Working Voltages up to and including 1100 V,LT-AB cables preventing power theft and short circuits in rural electrification,Electrical,ETD 09,1995,Active,,Scheme-I / ISI Mark,True,Electrical Products (Quality Control) Order
IS 7943:1976,Specification for Industrial Safety Helmets,Electrical non-conductive dielectric hard hats for line workers,Electrical,CHD 08,1976,Active,,Scheme-I / ISI Mark,True,Electrical Products (Quality Control) Order
IS 4770:1991,Rubber Gloves for Electrical Purposes,Dielectric insulating rubber gloves for live line electricians (Class 00 to 4),Electrical,ETD 23,1991,Active,,Scheme-I / ISI Mark,True,Electrical Products (Quality Control) Order
IS 15652:2006,Insulating Mats for Electrical Purposes,Elastomeric dielectric floor mats for electrical substation panels,Electrical,ETD 23,2006,Active,,Scheme-I / ISI Mark,True,Electrical Products (Quality Control) Order
IS 9537 (Part 2):1981,Conduits for Electrical Installations - Rigid Steel Conduits,Heavy gauge threaded ERW steel conduits for fire-safe electrical wiring,Electrical,ETD 14,1981,Active,,Scheme-I / ISI Mark,True,Electrical Products (Quality Control) Order
IS 9537 (Part 3):1983,Conduits for Electrical Installations - Rigid Non-Metallic Conduits (PVC Conduits),Fire-retardant PVC electrical conduit pipes for building wall chasing,Electrical,ETD 14,1983,Active,,Scheme-I / ISI Mark,True,Electrical Products (Quality Control) Order
IS 3419:1989,Fittings for Rigid Non-Metallic Conduits,"PVC junction boxes, inspection bends, and conduit saddles",Electrical,ETD 14,1989,Active,,Scheme-I / ISI Mark,True,Electrical Products (Quality Control) Order
IS 14927 (Part 2):2001,Cable Trunking and Ducting Systems for Electrical Installations,Perforated cable trays and raceways for commercial IT buildings,Electrical,ETD 14,2001,Active,,Scheme-I / ISI Mark,True,Electrical Products (Quality Control) Order
IS 1566:1982,Hard-Drawn Steel Wire Fabric for Concrete Reinforcement,Welded wire mesh for RCC floor slabs and road pavements,Civil & Construction,CED 54,1982,Active,,Scheme-I / ISI Mark,True,Civil & Construction Products (Quality Control) Order
IS 432 (Part 1):1982,Mild Steel and Medium Tensile Steel Bars and Hard-Drawn Steel Wire for Concrete Reinforcement,Plain round mild steel bars for dowels and stirrups,Civil & Construction,CED 54,1982,Active,,Scheme-I / ISI Mark,True,Civil & Construction Products (Quality Control) Order
IS 280:2006,Mild Steel Wire for General Engineering Purposes (Binding Wire),Annealed binding wire for tying TMT reinforcement bars,Civil & Construction,CED 54,2006,Active,,Scheme-I / ISI Mark,True,Civil & Construction Products (Quality Control) Order
IS 14268:2022,Prestressing Steel - Uncoated Stress-Relieved Low Relaxation Seven-Ply Strand for Prestressed Concrete,"High-tensile LRPC strands for flyovers, metro viaducts, and bridge girders",Civil & Construction,CED 54,2022,Active,,Scheme-I / ISI Mark,True,Civil & Construction Products (Quality Control) Order
IS 1079:2017,Hot Rolled Carbon Steel Sheet and Strip - Specification,Commercial and forming grade sheet steel for pre-engineered buildings,Civil & Construction,MTD 04,2017,Active,,Scheme-I / ISI Mark,True,Civil & Construction Products (Quality Control) Order
IS 513 (Part 1):2016,Cold Reduced Carbon Steel Sheet and Strip - Part 1: Cold Forming and Drawing Steel,CRCA steel sheets for electrical enclosures and panels,Civil & Construction,MTD 04,2016,Active,,Scheme-I / ISI Mark,True,Civil & Construction Products (Quality Control) Order
IS 277:2018,Galvanized Steel Sheets (Plain and Corrugated) - Specification,GI roofing sheets for industrial warehouses and military shelters,Civil & Construction,MTD 04,2018,Active,,Scheme-I / ISI Mark,True,Civil & Construction Products (Quality Control) Order
IS 15965:2012,Pre-Painted Galvanized Steel Sheets and Coils,Color coated profile roofing sheets for pre-engineered metal buildings,Civil & Construction,MTD 04,2012,Active,,Scheme-I / ISI Mark,True,Civil & Construction Products (Quality Control) Order
IS 1363 (Part 1):2019,"Hexagon Head Bolts, Screws and Nuts of Product Grade C - Part 1: Hexagon Head Bolts",Black structural bolts for structural steel trusses,Civil & Construction,PGD 31,2019,Active,,Scheme-I / ISI Mark,True,Civil & Construction Products (Quality Control) Order
IS 1367 (Part 3):2017,"Technical Supply Conditions for Threaded Steel Fasteners - Property Classes of Bolts, Screws and Studs",High strength friction grip (HSFG) grade 8.8 and 10.9 structural fasteners,Civil & Construction,PGD 31,2017,Active,,Scheme-I / ISI Mark,True,Civil & Construction Products (Quality Control) Order
IS 9103:1999,Concrete Admixtures - Specification,"Superplasticizers, set retarders, and accelerators for high-strength RMC concrete",Civil & Construction,CED 02,1999,Active,,Scheme-I / ISI Mark,True,Civil & Construction Products (Quality Control) Order
IS 516 (Part 1/Sec 1):2021,"Hardened Concrete - Methods of Test - Compressive, Flexural and Split Tensile Strength",Standard cube crushing test for concrete acceptance,Civil & Construction,CED 02,2021,Active,,Scheme-IV / Testing Code,False,
IS 1199 (Part 2):2018,"Fresh Concrete - Methods of Sampling, Testing and Analysis - Workability and Consistency",Slump cone test and compaction factor for fresh concrete,Civil & Construction,CED 02,2018,Active,,Scheme-IV / Testing Code,False,
IS 2386 (Part 1):1963,Methods of Test for Aggregates for Concrete - Particle Size and Shape,Sieve analysis for fine and coarse concrete aggregates,Civil & Construction,CED 02,1963,Active,,Scheme-IV / Testing Code,False,
IS 2386 (Part 4):1963,Methods of Test for Aggregates for Concrete - Mechanical Properties,"Aggregate crushing value, impact value, and abrasion resistance",Civil & Construction,CED 02,1963,Active,,Scheme-IV / Testing Code,False,
IS 2720 (Part 2):1973,Methods of Test for Soils - Determination of Water Content,Moisture density relation for road subgrade compaction,Civil & Construction,CED 43,1973,Active,,Scheme-IV / Soil Testing,False,
IS 2720 (Part 5):1985,Methods of Test for Soils - Determination of Liquid and Plastic Limit,Atterberg limits for highway road foundation testing,Civil & Construction,CED 43,1985,Active,,Scheme-IV / Soil Testing,False,
IS 2720 (Part 16):1979,Methods of Test for Soils - Laboratory Determination of CBR,California Bearing Ratio (CBR) test for flexible road pavement design,Civil & Construction,CED 43,1979,Active,,Scheme-IV / Soil Testing,False,
IS 1200 (Part 1):1992,Method of Measurement of Building and Civil Engineering Works - Earthwork,Standard quantification code for contractor billing,Civil & Construction,CED 44,1992,Active,,Scheme-IV / Measurement Code,False,
IS 1200 (Part 2):1974,Method of Measurement of Building and Civil Engineering Works - Concrete Works,Measurement protocol for plain and reinforced concrete works,Civil & Construction,CED 44,1974,Active,,Scheme-IV / Measurement Code,False,
IS 1239 (Part 1) / C:2004,Steel Tubes (Heavy Class C) - Red Band Pipes,High pressure boiler and industrial utility piping,Mechanical,CED 50,2004,Active,,Scheme-I / ISI Mark,True,Mechanical Products (Quality Control) Order
IS 6392:1971,Steel Pipe Flanges - Specification,Weld neck and slip-on steel flanges for industrial pipelines,Mechanical,MED 03,1971,Active,,Scheme-I / ISI Mark,True,Mechanical Products (Quality Control) Order
IS 779:1994,Water Meters (Domestic Type) - Specification,Multi-jet and inferential mechanical water meters for municipal revenue billing,Mechanical,CED 50,1994,Active,,Scheme-I / ISI Mark,True,Mechanical Products (Quality Control) Order
IS 6784:1996,Method for Performance Testing of Water Meters,"Accuracy of water meters at minimum, transitional, and overload flow rates",Mechanical,CED 50,1996,Active,,Scheme-IV / Testing Code,False,
IS 2065:1983,Code of Practice for Water Supply in Buildings,Hydraulic sizing of overhead storage tanks and booster pumps,Mechanical,CED 24,1983,Active,,Scheme-IV / Building Code,False,
IS 1172:1993,"Code of Basic Requirements for Water Supply, Drainage and Sanitation",Per capita daily water consumption design figures (135 LPCD),Mechanical,CED 24,1993,Active,,Scheme-IV / National Code,False,
IS 1742:1983,Code of Practice for Building Drainage,"Gully traps, manholes, and underground sewage lines inside building premises",Mechanical,CED 24,1983,Active,,Scheme-IV / Code of Practice,False,
IS 2470 (Part 1):1985,Code of Practice for Design and Construction of Septic Tanks - Part 1: Small Installations,Sizing of septic tanks and soak pits for institutions and residential colonies,Mechanical,CED 24,1985,Active,,Scheme-IV / Code of Practice,False,
IS 2470 (Part 2):1985,Code of Practice for Design and Construction of Septic Tanks - Part 2: Large Installations,Secondary effluent disposal and soakage trenches,Mechanical,CED 24,1985,Active,,Scheme-IV / Code of Practice,False,
IS 3103:1980,Code of Practice for Industrial Ventilation,"Fresh air changes, dust extraction, and industrial exhaust hoods",Mechanical,MED 09,1980,Active,,Scheme-IV / Ventilation Code,False,
IS 16886:2018,Biometric Devices for Aadhaar Authentication - Part 1: Fingerprint Scanners,Optical and capacitive fingerprint scanners for public food ration PDS distribution,Electronics & IT,LITD 18,2018,Active,,Scheme-II / CRS,True,Electronics & IT Products (Quality Control) Order
IS 16887:2018,Biometric Devices for Aadhaar Authentication - Part 2: Iris Scanners,Dual iris biometric scanners for civil registration and border control,Electronics & IT,LITD 18,2018,Active,,Scheme-II / CRS,True,Electronics & IT Products (Quality Control) Order
IS 18000:2022,Public Data Office Aggregator (PDOA) Wi-Fi Access Points - Security Requirements,PM-WANI public Wi-Fi routers and cloud access point controllers,Electronics & IT,LITD 27,2022,Active,,Scheme-II / CRS,True,Electronics & IT Products (Quality Control) Order
IS 18001:2022,Unified Threat Management (UTM) Firewalls - Security Requirements,Hardware network security firewalls for government intranet gateways,Electronics & IT,LITD 27,2022,Active,,Scheme-II / CRS,True,Electronics & IT Products (Quality Control) Order
IS 18002:2022,Ethernet Switches for Mission Critical Infrastructure,Layer 2 and Layer 3 managed enterprise network switches,Electronics & IT,LITD 27,2022,Active,,Scheme-II / CRS,True,Electronics & IT Products (Quality Control) Order
IS 10257:1982,Hypodermic Needles for Reusable Use,Luer lock medical needles,Medical Devices,MHD 12,1982,Active,,Scheme-I / Medical Device,True,Medical Devices Products (Quality Control) Order
IS 12655:2003,Infusion Sets for Single Use - Gravity Feed,IV drip infusion sets for saline and drug administration in district hospitals,Medical Devices,MHD 12,2003,Active,,Scheme-I / CDSCO Class B,True,Medical Devices Products (Quality Control) Order
IS 12656:2003,Blood Transfusion Sets for Single Use,Sterile blood administration filter sets for government blood banks,Medical Devices,MHD 12,2003,Active,,Scheme-I / CDSCO Class B,True,Medical Devices Products (Quality Control) Order
IS 3390:1990,"Sphygmomanometers, Mercurial - Specification",Blood pressure measurement devices for government clinics,Medical Devices,MHD 09,1990,Active,,Scheme-I / Legal Metrology,True,Medical Devices Products (Quality Control) Order
IS 7620 (Part 1):1986,Diagnostic Medical X-Ray Equipment - Part 1: General Requirements,Radiation protection and electrical safety for hospital diagnostic radiography,Medical Devices,MHD 15,1986,Active,,Scheme-I / AERB Approved,True,Medical Devices Products (Quality Control) Order
IS 260:1969,"Aluminium Sulphate, Non-Ferric (Alum)",Water treatment coagulation chemical for municipal water purification works,Chemicals,CHD 01,1969,Active,,Scheme-I / ISI Mark,True,Chemicals Products (Quality Control) Order
IS 11673:1992,Poly Aluminium Chloride (PAC) for Water Treatment,High-efficiency flocculant for urban drinking water treatment plants,Chemicals,CHD 01,1992,Active,,Scheme-I / ISI Mark,True,Chemicals Products (Quality Control) Order
IS 105:1975,"Ready Mixed Paint, Brushing, Finishing, Oil Gloss",General purpose oil paint for government quarters and public works,Chemicals,CHD 20,1975,Active,,Scheme-I / ISI Mark,True,Chemicals Products (Quality Control) Order
IS 15489:2004,Plastic Waste Management - Guidelines for Recycling of Plastics,Recycling codes and environmental standards for post-consumer plastic,Chemicals,CHD 12,2004,Active,,Scheme-IV / Environment Code,False,
IS 14534:1998,Guidelines for Recovery and Recycling of Plastic Waste,Ecological classification for state municipal solid waste processing,Chemicals,CHD 12,1998,Active,,Scheme-IV / Environment Code,False,
IS 11536:2007,Processed Cereal Based Complementary Foods for Infants,Fortified infant cereals for Anganwadi child nutrition programs,Food & Agriculture,FAD 19,2007,Active,,Scheme-I / ISI Mark,True,Food & Agriculture Products (Quality Control) Order
IS 1797:1985,Methods of Test for Spices and Condiments,"Moisture, volatile oil, and lead content testing in public food distribution",Food & Agriculture,FAD 08,1985,Active,,Scheme-I / Testing Code,False,
IS 1548:1981,Manual on Food Hygiene - General Principles,HACCP principles for government centralized mid-day meal kitchens,Food & Agriculture,FAD 15,1981,Active,,Scheme-IV / Food Safety Code,False,
IS 2491:1998,Food Hygiene - General Principles - Code of Practice,Sanitation standards for food storage depots and dairy docks,Food & Agriculture,FAD 15,1998,Active,,Scheme-IV / Food Safety Code,False,
